alexandre.duarte;Alexandre de Almeida;Duarte;alexandre.duarte@cti.gov.br;CTI
almiro;Almiro Franco;da Silveira Júnior;almiro@fem.unicamp.br;Unicamp
ana.sanchez;Ana Lucia;Sanchez Panico;prof.ana.sanchez@gmail.com;Unesp-RC
antonio.saraiva;Antonio Mauro;Saraiva;antonio.saraiva@poli.usp.br;USP-SP
toto;Carlos Antonio;Ruggiero;toto@if.sc.usp.br;USP-SC
carlos.froldi;Carlos Augusto;Froldi;carlos@ic.unicamp.br;Unicamp
hitoshi;Carlos Hitoshi;Morimoto;hitoshi@ime.usp.br;USP-SP
cesarteixeira;Cesar Augusto;Camilo Teixeira;cesarteixeira@gmail.com;COC-RP
claudia;Claudia Helena;Bianchi Lencioni;claudia@cirp.usp.br;USP-RP
oller;Cláudio A.;Oller Nascimento;oller@usp.br;USP-SP
dagoberto;Dagoberto;Carvalio Junior;dago@icmc.usp.br;USP-SC
morato;Daniel;Pereira Morato;morato@ffclrp.usp.br;USP-RP
sigulem;Daniel;Sigulem;sigulem@gmail.com;Unifesp
elandulf;Eduardo;Landulfo;elandulf@ipen.br;IPEN
trettel;Eduardo;Trettel;trettel@grsd.fee.unicamp.br;Unicamp
elisa;Elisa;Zaroni Camargo;elisa@ita.br;ITA
thoroh;Eunézio;de Souza;thoroh@mackenzie.br;Mackenzie
gustavo.pavani;Gustavo;Sousa Pavani;gustavo.pavani@ufabc.edu.br;UFABC
helio;Hélio;Crestana Guardia;helio@dc.ufscar.br;UFSCar
jcarlosf;Jairo;Carlos Filho;jcarlosf@usp.br;USP-SP
jvalente;José;Armando Valente;jvalente@unicamp.br;Unicamp
jkcunhap;José Kleber;da Cunha Pinto;jkcunhap@ime.usp.br;USP-SP
jrbollis;José Roberto;Bollis Gimenez;jr@unesp.br;Unesp
junia;Junia;Anacleto; junia@dc.ufscar.br;UFSCar
luciano.genaro;Luciano;Genaro;luciano.genaro@telefonica.com.br;Telefonica
luciano.imamura;Luciano;Imamura;luciano.imamura@incor.usp.br;InCor
godoy;Luiz;Godoy;godoy@cdcc.sc.usp.br;USP-SC
mkzuffo;Marcelo;Knorich Zuffo;mkzuffo@lsi.usp.br;USP-SP
marcos.yamaguti;Marcos;Yamaguti;marcos.yamaguti@incor.usp.br;InCor
nilsondv;Nilson;Dias Vieira Junior;nilsondv@ipen.br;IPEN
otavio.kozyrski;Otavio;Rodrigues Kozyrski;otavio.kozyrski@sjrp.unesp.br;Unesp-SJRP
pazsire;Pablo Antonio;Zamora Sire;pazsire@ifi.unicamp.br;IFGW
paiva;Paulo;Bandiera Paiva;paiva@compbio.epm.br;Unifesp
pemiyagi;Paulo;Eigi Miyagi;pemiyagi@usp.br;USP-SP
rogerio.iope;Rogerio Luiz;Iope;rogerio.iope@gmail.com;Unesp
roseli.lopes;Roseli;de Deus Lopes;roseli@lsi.usp.br;USP-SP
roseli.ribeiro;Roseli;Ribeiro;roseli@sel.eesc.usp.br;USP-SC
victor;Victor Emmanuel;J.S. Vicente;victor@pucsp.br;PUC-SP
